"persoonuuid";"naam";"wikidata"
"b2876bf8-2746-11e3-9b23-3cd92befe4f8";"Hoornbeeck, Johannes";"http://www.wikidata.org/entity/Q983340"
"b28e00f8-2746-11e3-ad4a-3cd92befe4f8";"Dirk I, graaf van Holland";"http://www.wikidata.org/entity/Q983079"
"b2901c62-2746-11e3-aacb-3cd92befe4f8";"Mieris, Frans van";"http://www.wikidata.org/entity/Q959236"
"b282dc50-2746-11e3-b0d3-3cd92befe4f8";"Royen, David van";"http://www.wikidata.org/entity/Q938934"
"b28756f4-2746-11e3-bbd3-3cd92befe4f8";"Einstein, Albert";"http://www.wikidata.org/entity/Q937"
"b2895882-2746-11e3-b07e-3cd92befe4f8";"Meer, Frans van der";"http://www.wikidata.org/entity/Q9263351"
"b285e8fa-2746-11e3-ad49-3cd92befe4f8";"Bolland, G.J.P.J.";"http://www.wikidata.org/entity/Q924068"
"b2849658-2746-11e3-ab58-3cd92befe4f8";"Descartes, R.";"http://www.wikidata.org/entity/Q9191"
"b284b386-2746-11e3-9d2c-3cd92befe4f8";"Heinsius, D.";"http://www.wikidata.org/entity/Q918731"
"b286a7c2-2746-11e3-a5c9-3cd92befe4f8";"Brouchoven, Foy van";"http://www.wikidata.org/entity/Q91768456"
"b28a44c2-2746-11e3-9075-3cd92befe4f8";"Hoogeveen, Eva van";"http://www.wikidata.org/entity/Q91764299"
"b28f9ac6-2746-11e3-a758-3cd92befe4f8";"Hovens Gréve, Catharina Dr.";"http://www.wikidata.org/entity/Q91748905"
"b288b86e-2746-11e3-9ec3-3cd92befe4f8";"Plaet, Antonius van de";"http://www.wikidata.org/entity/Q91648397"
"b286e0f2-2746-11e3-89ce-3cd92befe4f8";"Struik, Rudi";"http://www.wikidata.org/entity/Q91585935"
"b28af78c-2746-11e3-a476-3cd92befe4f8";"Dozy, Ch.M.";"http://www.wikidata.org/entity/Q91241073"
"b2866992-2746-11e3-a400-3cd92befe4f8";"Krantz, B.F.";"http://www.wikidata.org/entity/Q91238121"
"b2860f88-2746-11e3-811d-3cd92befe4f8";"Driessen, F.H.A.";"http://www.wikidata.org/entity/Q91015414"
"b2830fe0-2746-11e3-8b48-3cd92befe4f8";"Leembruggen, C.";"http://www.wikidata.org/entity/Q91013140"
"b28d6dd2-2746-11e3-8a3c-3cd92befe4f8";"Aquanus, Cornelius";"http://www.wikidata.org/entity/Q91013100"
"b290dc6a-2746-11e3-b442-3cd92befe4f8";"Hartevelt, Jacobus";"http://www.wikidata.org/entity/Q90919714"
"b28227ba-2746-11e3-a57e-3cd92befe4f8";"Wilde, Han de";"http://www.wikidata.org/entity/Q90914254"
"b2896944-2746-11e3-b7a6-3cd92befe4f8";"Steversloot, Laurentius";"http://www.wikidata.org/entity/Q90104860"
"b283f75c-2746-11e3-9ef1-3cd92befe4f8";"Was, F.";"http://www.wikidata.org/entity/Q90046607"
"b285b010-2746-11e3-8989-3cd92befe4f8";"Walenkamp, J.L.I.M.V. mr.";"http://www.wikidata.org/entity/Q90043457"
"b2886ba2-2746-11e3-806e-3cd92befe4f8";"Kret, W.J.";"http://www.wikidata.org/entity/Q90008607"
"b28f2f8c-2746-11e3-96bf-3cd92befe4f8";"Kret, J.";"http://www.wikidata.org/entity/Q90008607"
"b28bdf6c-2746-11e3-90ef-3cd92befe4f8";"Rij, van Tjeerd";"http://www.wikidata.org/entity/Q89232852"
"b2891c0a-2746-11e3-ad51-3cd92befe4f8";"Swieten, Familie Van";"http://www.wikidata.org/entity/Q856831"
"b28263a6-2746-11e3-9e9a-3cd92befe4f8";"Muré, Joannes Christianus Hubertus";"http://www.wikidata.org/entity/Q84993136"
"b28b1532-2746-11e3-85ef-3cd92befe4f8";"Ziegelaar, Joke";"http://www.wikidata.org/entity/Q84594482"
"b28fccf8-2746-11e3-a416-3cd92befe4f8";"Mulder, P.J.";"http://www.wikidata.org/entity/Q83286695"
"b28acf78-2746-11e3-ace7-3cd92befe4f8";"Telders, prof.mr. B.M.";"http://www.wikidata.org/entity/Q816612"
"b28998ba-2746-11e3-8aa6-3cd92befe4f8";"Alvarez (Alva), Ferdinand";"http://www.wikidata.org/entity/Q80847"
"b283e064-2746-11e3-b59c-3cd92befe4f8";"Willem I, Prins van Holland";"http://www.wikidata.org/entity/Q78454"
"b288050e-2746-11e3-95cc-3cd92befe4f8";"Willem van Oranje";"http://www.wikidata.org/entity/Q78454"
"b29054d4-2746-11e3-82e3-3cd92befe4f8";"Oranje, WIllem van";"http://www.wikidata.org/entity/Q78454"
"b28a2a28-2746-11e3-91ad-3cd92befe4f8";"Hocking, Prof. Dr. W.E.";"http://www.wikidata.org/entity/Q779523"
"b2868cc4-2746-11e3-a612-3cd92befe4f8";"Graaf, S. de";"http://www.wikidata.org/entity/Q778131"
"b28421e6-2746-11e3-b6bd-3cd92befe4f8";"Schultens, H.A.";"http://www.wikidata.org/entity/Q7730096"
"b2846480-2746-11e3-b1c8-3cd92befe4f8";"Lodewijk Napoleon, Koning";"http://www.wikidata.org/entity/Q7729"
"b28e68fe-2746-11e3-9715-3cd92befe4f8";"Lodewijk Napoleon";"http://www.wikidata.org/entity/Q7729"
"b285be0c-2746-11e3-9775-3cd92befe4f8";"Floris IV, graaf van Holland";"http://www.wikidata.org/entity/Q77256"
"b28b68fc-2746-11e3-90ea-3cd92befe4f8";"Willem II, graaf van Holland";"http://www.wikidata.org/entity/Q77255"
"b28309f0-2746-11e3-bb53-3cd92befe4f8";"Albrecht, graaf van Holland";"http://www.wikidata.org/entity/Q77253"
"b282907e-2746-11e3-83e3-3cd92befe4f8";"Beyeren, Jan van";"http://www.wikidata.org/entity/Q77252"
"b2830cde-2746-11e3-a16c-3cd92befe4f8";"Jan III, graaf van Holland";"http://www.wikidata.org/entity/Q77252"
"b28e594a-2746-11e3-bfef-3cd92befe4f8";"Willem I, graaf van Holland";"http://www.wikidata.org/entity/Q77251"
"b28f2636-2746-11e3-a61d-3cd92befe4f8";"Floris II, graaf van Holland";"http://www.wikidata.org/entity/Q77250"
"b28f1ad8-2746-11e3-88a7-3cd92befe4f8";"Jan I, graaf van Holland";"http://www.wikidata.org/entity/Q77249"
"b28f5aa2-2746-11e3-8e01-3cd92befe4f8";"Dirk VI, graaf van Holland";"http://www.wikidata.org/entity/Q77248"
"b28b6a5a-2746-11e3-8b7f-3cd92befe4f8";"Willem VI, graaf van Holland";"http://www.wikidata.org/entity/Q77247"
"b287e416-2746-11e3-8dd2-3cd92befe4f8";"Floris V";"http://www.wikidata.org/entity/Q77245"
"b288adec-2746-11e3-8a19-3cd92befe4f8";"Floris V, graaf van Holland";"http://www.wikidata.org/entity/Q77245"
"b284bf34-2746-11e3-b457-3cd92befe4f8";"Willem V, graaf van Holland";"http://www.wikidata.org/entity/Q77244"
"b28f8630-2746-11e3-9fa2-3cd92befe4f8";"Floris III, graaf van Holland";"http://www.wikidata.org/entity/Q77243"
"b285639e-2746-11e3-b21c-3cd92befe4f8";"Siebold, Jhr. Philipp Franz von";"http://www.wikidata.org/entity/Q77140"
"b284323a-2746-11e3-a5a2-3cd92befe4f8";"Terpstra, A. Rzn.";"http://www.wikidata.org/entity/Q77085530"
"b2844252-2746-11e3-90be-3cd92befe4f8";"Welvaart, Prof. Dr. K.";"http://www.wikidata.org/entity/Q77085471"
"b287a492-2746-11e3-8bce-3cd92befe4f8";"Storm van Leeuwen, Prof. Dr. W.";"http://www.wikidata.org/entity/Q77085422"
"b2917e40-2746-11e3-abe1-3cd92befe4f8";"Louwe Kooijmans, prof.dr. L.P.";"http://www.wikidata.org/entity/Q77085257"
"b28e64b2-2746-11e3-9717-3cd92befe4f8";"Staden, Prof. Dr. A. van";"http://www.wikidata.org/entity/Q77085096"
"b284934c-2746-11e3-b734-3cd92befe4f8";"Taminiau, Prof. Dr. A.";"http://www.wikidata.org/entity/Q77084963"
"b2849054-2746-11e3-895f-3cd92befe4f8";"Thung, P.J.";"http://www.wikidata.org/entity/Q77084247"
"b28777d8-2746-11e3-9cdc-3cd92befe4f8";"Coornhert, Dirck Volckerstz";"http://www.wikidata.org/entity/Q765465"
"b29045e8-2746-11e3-8888-3cd92befe4f8";"Wassenaer, Maria van";"http://www.wikidata.org/entity/Q76261794"
"b2897538-2746-11e3-9fed-3cd92befe4f8";"Hemsterhuis, Tiberius";"http://www.wikidata.org/entity/Q741901"
"b2845440-2746-11e3-ac9e-3cd92befe4f8";"Willem IV, graaf van Holland";"http://www.wikidata.org/entity/Q737820"
"b28a0bc4-2746-11e3-b515-3cd92befe4f8";"Dirk II, graaf van Holland";"http://www.wikidata.org/entity/Q737699"
"b287cc2e-2746-11e3-80fb-3cd92befe4f8";"Aa, C. van der";"http://www.wikidata.org/entity/Q733070"
"b28ad0fe-2746-11e3-a871-3cd92befe4f8";"Snouck Hurgronje, Chr.";"http://www.wikidata.org/entity/Q731829"
"b284a7ce-2746-11e3-bca8-3cd92befe4f8";"Brink, Jan ten";"http://www.wikidata.org/entity/Q721355"
"b28452b0-2746-11e3-81cc-3cd92befe4f8";"Omtzicht, C.P.";"http://www.wikidata.org/entity/Q7192814"
"b2848d5c-2746-11e3-8426-3cd92befe4f8";"Scholten, J.H.";"http://www.wikidata.org/entity/Q715659"
"b28deba4-2746-11e3-ab8d-3cd92befe4f8";"Swieten, Gerard, baron van";"http://www.wikidata.org/entity/Q711132"
"b28d7d04-2746-11e3-ad6d-3cd92befe4f8";"Wiersma, Wiebe";"http://www.wikidata.org/entity/Q67197990"
"b288fde2-2746-11e3-9b5e-3cd92befe4f8";"Dieu, L. de";"http://www.wikidata.org/entity/Q6688435"
"b2896d9a-2746-11e3-b8ee-3cd92befe4f8";"Musschenbroek, Samuel Joosten van";"http://www.wikidata.org/entity/Q65960805"
"b281e930-2746-11e3-81c7-3cd92befe4f8";"Tendeloo, prof.dr.N.Ph.";"http://www.wikidata.org/entity/Q65851698"
"b28c4df8-2746-11e3-bc53-3cd92befe4f8";"Holk, Prof. Dr. L.J. van";"http://www.wikidata.org/entity/Q65851116"
"b282f0a0-2746-11e3-ba88-3cd92befe4f8";"Snellen, H.A.";"http://www.wikidata.org/entity/Q65850554"
"b28768ec-2746-11e3-92fd-3cd92befe4f8";"Jong, Dirk Aart de";"http://www.wikidata.org/entity/Q65850329"
"b28bec28-2746-11e3-b51c-3cd92befe4f8";"Wilhelmius, Wilhelmus";"http://www.wikidata.org/entity/Q65849317"
"b2832764-2746-11e3-832d-3cd92befe4f8";"Sobels, F.H.";"http://www.wikidata.org/entity/Q65849284"
"b2903940-2746-11e3-aeee-3cd92befe4f8";"Siegenbeek van Heukelom, D.E.";"http://www.wikidata.org/entity/Q65849211"
"b290f11e-2746-11e3-8409-3cd92befe4f8";"Dirk VII, graaf van Holland";"http://www.wikidata.org/entity/Q655190"
"b28ff0c0-2746-11e3-93f5-3cd92befe4f8";"Dirk V, graaf van Holland";"http://www.wikidata.org/entity/Q653110"
"b28d9622-2746-11e3-9210-3cd92befe4f8";"Muller, Pieter Lodewijk";"http://www.wikidata.org/entity/Q649457"
"b286231a-2746-11e3-8b12-3cd92befe4f8";"Zurcher, Prof. Dr. E.";"http://www.wikidata.org/entity/Q645696"
"b29009b6-2746-11e3-a7e5-3cd92befe4f8";"Thierry, Gerard, Jacobus";"http://www.wikidata.org/entity/Q63258037"
"b28583b0-2746-11e3-9bb2-3cd92befe4f8";"Fruin, R. Dr.";"http://www.wikidata.org/entity/Q630982"
"b28257ee-2746-11e3-99dc-3cd92befe4f8";"Beysens, J.Th. prof. dr.";"http://www.wikidata.org/entity/Q63003133"
"b28fa818-2746-11e3-a8b4-3cd92befe4f8";"Cocceius, I.";"http://www.wikidata.org/entity/Q62517"
"b28ec452-2746-11e3-b28e-3cd92befe4f8";"Willem III, graaf van Holland";"http://www.wikidata.org/entity/Q617496"
"b28fc262-2746-11e3-aa39-3cd92befe4f8";"Schlegel, Herman";"http://www.wikidata.org/entity/Q60725"
"b2847fd8-2746-11e3-8c5e-3cd92befe4f8";"Walaeus, Anthonius";"http://www.wikidata.org/entity/Q606757"
"b28fb9e8-2746-11e3-ab89-3cd92befe4f8";"Walaeus, Antonius";"http://www.wikidata.org/entity/Q606757"
"b28874bc-2746-11e3-8463-3cd92befe4f8";"Thysius, Antonius";"http://www.wikidata.org/entity/Q606745"
"b28e423e-2746-11e3-8b92-3cd92befe4f8";"Schultingius, A.";"http://www.wikidata.org/entity/Q606737"
"b2836ee0-2746-11e3-8b33-3cd92befe4f8";"Verstoep, L.";"http://www.wikidata.org/entity/Q59785834"
"b283c264-2746-11e3-a22f-3cd92befe4f8";"Solnitz, A. W.";"http://www.wikidata.org/entity/Q595507"
"b2824560-2746-11e3-8fe9-3cd92befe4f8";"Sanders, Abram";"http://www.wikidata.org/entity/Q58335838"
"b28297b8-2746-11e3-ba0c-3cd92befe4f8";"Sluiter, Willy";"http://www.wikidata.org/entity/Q579591"
"b28d80d8-2746-11e3-b9b0-3cd92befe4f8";"Taverne, mr. Bernardus, Maria.";"http://www.wikidata.org/entity/Q57457015"
"b2837a98-2746-11e3-bca1-3cd92befe4f8";"Temminck, M.";"http://www.wikidata.org/entity/Q57152108"
"b2896c32-2746-11e3-b359-3cd92befe4f8";"Kern, Johannes Hendricus Casparus";"http://www.wikidata.org/entity/Q571426"
"b2846eee-2746-11e3-a2bf-3cd92befe4f8";"Mulder, Han";"http://www.wikidata.org/entity/Q56951928"
"b2901956-2746-11e3-ba12-3cd92befe4f8";"Loon, Barbara van";"http://www.wikidata.org/entity/Q56438563"
"b28c378c-2746-11e3-9979-3cd92befe4f8";"Klap, J.";"http://www.wikidata.org/entity/Q56231245"
"b28e83de-2746-11e3-9f26-3cd92befe4f8";"Boudaan, P.";"http://www.wikidata.org/entity/Q56229875"
"b28bd0ee-2746-11e3-a5d2-3cd92befe4f8";"Campert, J.";"http://www.wikidata.org/entity/Q560622"
"b28e1d22-2746-11e3-9053-3cd92befe4f8";"Bocholt van Leyden, Jan";"http://www.wikidata.org/entity/Q560443"
"b28ca8e8-2746-11e3-8418-3cd92befe4f8";"Dercksen, J.M.E.";"http://www.wikidata.org/entity/Q56024253"
"b288822c-2746-11e3-91aa-3cd92befe4f8";"Nahuys, P.";"http://www.wikidata.org/entity/Q56006893"
"b28cc576-2746-11e3-a806-3cd92befe4f8";"Rembrandt";"http://www.wikidata.org/entity/Q5598"
"b28e883e-2746-11e3-b838-3cd92befe4f8";"Serrurier, Daniel";"http://www.wikidata.org/entity/Q55902356"
"b2868fd0-2746-11e3-8f0a-3cd92befe4f8";"Myle, Cornelius van der";"http://www.wikidata.org/entity/Q55857482"
"b28df248-2746-11e3-9847-3cd92befe4f8";"Myle, Cornelis van der";"http://www.wikidata.org/entity/Q55857482"
"b289e1da-2746-11e3-83ae-3cd92befe4f8";"Beets, A.";"http://www.wikidata.org/entity/Q5568715"
"b2881f8a-2746-11e3-9901-3cd92befe4f8";"Sopper, Prof. Dr. A. J.";"http://www.wikidata.org/entity/Q55682753"
"b28b2248-2746-11e3-b8ad-3cd92befe4f8";"Godfried, graaf van Neder-Lotharingen";"http://www.wikidata.org/entity/Q552234"
"b28b6ee2-2746-11e3-9aca-3cd92befe4f8";"Thoms, Fredericus de";"http://www.wikidata.org/entity/Q5497009"
"b288e186-2746-11e3-b516-3cd92befe4f8";"Pottum, Willem";"http://www.wikidata.org/entity/Q54833604"
"b2866096-2746-11e3-9577-3cd92befe4f8";"Beck, Pia";"http://www.wikidata.org/entity/Q540948"
"b28cd4ee-2746-11e3-8d17-3cd92befe4f8";"Pluygers, W.G.";"http://www.wikidata.org/entity/Q5320263"
"b282696e-2746-11e3-9b37-3cd92befe4f8";"Valdez, Francisco";"http://www.wikidata.org/entity/Q5296947"
"b28f8c16-2746-11e3-ab09-3cd92befe4f8";"Fremery, James de";"http://www.wikidata.org/entity/Q52155001"
"b28f609c-2746-11e3-95a3-3cd92befe4f8";"Witte, Petrus de";"http://www.wikidata.org/entity/Q52154066"
"b28cbdb0-2746-11e3-9cb3-3cd92befe4f8";"Orlers, Jan Jansz";"http://www.wikidata.org/entity/Q51934258"
"b28f2244-2746-11e3-8c2a-3cd92befe4f8";"Swinden, Jean, Henri van";"http://www.wikidata.org/entity/Q513159"
"b2857dfc-2746-11e3-97fc-3cd92befe4f8";"Heinsius, A.";"http://www.wikidata.org/entity/Q510116"
"b2903472-2746-11e3-b5ea-3cd92befe4f8";"Snellius, R.";"http://www.wikidata.org/entity/Q505004"
"b28f6998-2746-11e3-b988-3cd92befe4f8";"Wassenaer, Unico Willem van";"http://www.wikidata.org/entity/Q497638"
"b28430c8-2746-11e3-9aac-3cd92befe4f8";"Snakenburg, Hendrik";"http://www.wikidata.org/entity/Q4942587"
"b28f415c-2746-11e3-94ac-3cd92befe4f8";"Wit, Frans de";"http://www.wikidata.org/entity/Q4845184"
"b288a7fc-2746-11e3-a169-3cd92befe4f8";"Thysius, Johannes";"http://www.wikidata.org/entity/Q4843509"
"b283761a-2746-11e3-9bb1-3cd92befe4f8";"Dirk III, graaf van Holland";"http://www.wikidata.org/entity/Q471758"
"b28325f2-2746-11e3-8e74-3cd92befe4f8";"Floris I, graaf van Holland";"http://www.wikidata.org/entity/Q469671"
"b2866802-2746-11e3-abf4-3cd92befe4f8";"Heereboord, Adrianus";"http://www.wikidata.org/entity/Q4684778"
"b28b52e0-2746-11e3-a1c5-3cd92befe4f8";"Margaretha, Gravin van Holland";"http://www.wikidata.org/entity/Q467019"
"b28719be-2746-11e3-965a-3cd92befe4f8";"Beieren, Jacoba van";"http://www.wikidata.org/entity/Q467007"
"b28e5094-2746-11e3-9897-3cd92befe4f8";"Marck, Willem van der";"http://www.wikidata.org/entity/Q448016"
"b287439e-2746-11e3-9159-3cd92befe4f8";"Davidson";"http://www.wikidata.org/entity/Q445835"
"b28fdd42-2746-11e3-9b03-3cd92befe4f8";"Dodonaeus, R.";"http://www.wikidata.org/entity/Q437466"
"b28364c2-2746-11e3-b058-3cd92befe4f8";"Schultz van Haegen, Melanie";"http://www.wikidata.org/entity/Q435886"
"b28b7a7c-2746-11e3-bf63-3cd92befe4f8";"Schultens, J.J.";"http://www.wikidata.org/entity/Q4355142"
"b28ffcbe-2746-11e3-aee6-3cd92befe4f8";"Erasmus, D.";"http://www.wikidata.org/entity/Q43499"
"b28d50f4-2746-11e3-9961-3cd92befe4f8";"Manceau, Lucien Louis";"http://www.wikidata.org/entity/Q43133806"
"b289607a-2746-11e3-b8cb-3cd92befe4f8";"Lievens, J.";"http://www.wikidata.org/entity/Q430783"
"b2833ef2-2746-11e3-9c87-3cd92befe4f8";"Idenburg, Petrus Johannes";"http://www.wikidata.org/entity/Q42750929"
"b288020c-2746-11e3-beee-3cd92befe4f8";"Lorentz, H.A.";"http://www.wikidata.org/entity/Q41688"
"b28f39fa-2746-11e3-b357-3cd92befe4f8";"Rudolph, Roelof Jan Willem";"http://www.wikidata.org/entity/Q4026596"
"b28b7ee6-2746-11e3-9fd4-3cd92befe4f8";"Willigen, mr. G.C. van der";"http://www.wikidata.org/entity/Q3945960"
"b2846188-2746-11e3-a445-3cd92befe4f8";"Schrevelius, Cornelis";"http://www.wikidata.org/entity/Q377100"
"b282807a-2746-11e3-83e1-3cd92befe4f8";"Devilee, dhr.";"http://www.wikidata.org/entity/Q37361664"
"b2861582-2746-11e3-9bde-3cd92befe4f8";"Boisot, L.";"http://www.wikidata.org/entity/Q358905"
"b2840e7c-2746-11e3-83e9-3cd92befe4f8";"Spinoza, B.";"http://www.wikidata.org/entity/Q35802"
"b2910550-2746-11e3-9319-3cd92befe4f8";"Spinoza, B. de";"http://www.wikidata.org/entity/Q35802"
"b2823fac-2746-11e3-aab6-3cd92befe4f8";"Borsselen, Vranck van";"http://www.wikidata.org/entity/Q351161"
"b28be926-2746-11e3-9702-3cd92befe4f8";"Rau, Sebald Fulco Johannes";"http://www.wikidata.org/entity/Q3476845"
"b28c49a2-2746-11e3-873c-3cd92befe4f8";"Philips II";"http://www.wikidata.org/entity/Q34417"
"b28c26ac-2746-11e3-aec3-3cd92befe4f8";"Witsius, Hermannus";"http://www.wikidata.org/entity/Q339211"
"b28e4f18-2746-11e3-83f6-3cd92befe4f8";"Marron, Paul Henri";"http://www.wikidata.org/entity/Q3370303"
"b28f6808-2746-11e3-8108-3cd92befe4f8";"Clusius, Carolus";"http://www.wikidata.org/entity/Q333372"
"b28609a2-2746-11e3-9b14-3cd92befe4f8";"Fries, graaf van Vlaanderen Robrecht de";"http://www.wikidata.org/entity/Q333346"
"b2854828-2746-11e3-8d0a-3cd92befe4f8";"Kuenen, A.";"http://www.wikidata.org/entity/Q330188"
"b28ca776-2746-11e3-ab4e-3cd92befe4f8";"Stutterheim, prof.dr.C.F.P.";"http://www.wikidata.org/entity/Q3248130"
"b28ad874-2746-11e3-9955-3cd92befe4f8";"Leyden, L. van";"http://www.wikidata.org/entity/Q320980"
"b28e2bd2-2746-11e3-9810-3cd92befe4f8";"Leyden, A. van";"http://www.wikidata.org/entity/Q320980"
"b28ca2f8-2746-11e3-a40e-3cd92befe4f8";"Zoetemelk, Joop";"http://www.wikidata.org/entity/Q320010"
"b28b1c62-2746-11e3-ba7f-3cd92befe4f8";"Sylvius, Franciscus de le Boë";"http://www.wikidata.org/entity/Q316996"
"b28a8838-2746-11e3-b230-3cd92befe4f8";"Temminck, C.J.";"http://www.wikidata.org/entity/Q31621"
"b288cd86-2746-11e3-b14b-3cd92befe4f8";"Lipsius, Justus";"http://www.wikidata.org/entity/Q315871"
"b285aa20-2746-11e3-ac22-3cd92befe4f8";"Scaliger, Josephus Justus";"http://www.wikidata.org/entity/Q315163"
"b285f07a-2746-11e3-9a6e-3cd92befe4f8";"Beverninck, Hieronymus van";"http://www.wikidata.org/entity/Q3138763"
"b28fc6fe-2746-11e3-b249-3cd92befe4f8";"Boerhaave, Herman";"http://www.wikidata.org/entity/Q313093"
"b2856740-2746-11e3-83e2-3cd92befe4f8";"Arminius, J.";"http://www.wikidata.org/entity/Q313070"
"b282a546-2746-11e3-81ef-3cd92befe4f8";"Sitter de, W., Prof. Dr.";"http://www.wikidata.org/entity/Q313059"
"b28bb726-2746-11e3-9ae5-3cd92befe4f8";"Sitter de, Prof. dr. W.";"http://www.wikidata.org/entity/Q313059"
"b288732c-2746-11e3-bb3a-3cd92befe4f8";"Oort, Prof. Dr. J.H.";"http://www.wikidata.org/entity/Q309861"
"b28e75ec-2746-11e3-9f87-3cd92befe4f8";"Oort, J. H.";"http://www.wikidata.org/entity/Q309861"
"b286d972-2746-11e3-a5c5-3cd92befe4f8";"Raphelingius, F.";"http://www.wikidata.org/entity/Q3085667"
"b2867dce-2746-11e3-b76c-3cd92befe4f8";"Acquoy, J.G.R.";"http://www.wikidata.org/entity/Q30240975"
"b28eb4a8-2746-11e3-8faf-3cd92befe4f8";"Noordman –Den Uyl, Saskia";"http://www.wikidata.org/entity/Q2989832"
"b285cfe6-2746-11e3-8c80-3cd92befe4f8";"Suydtbroeck, Neeltje Willemsdochter van";"http://www.wikidata.org/entity/Q29885090"
"b2884c1c-2746-11e3-b61c-3cd92befe4f8";"Beatrix, Koningin";"http://www.wikidata.org/entity/Q29574"
"b287c7a6-2746-11e3-8847-3cd92befe4f8";"Hertzsprung, Ejnar";"http://www.wikidata.org/entity/Q295099"
"b29042f0-2746-11e3-a062-3cd92befe4f8";"Moons, Magdalena";"http://www.wikidata.org/entity/Q2941097"
"b2870424-2746-11e3-a7a4-3cd92befe4f8";"Rosemeier, Alexander Coenraad";"http://www.wikidata.org/entity/Q2933805"
"b287e70e-2746-11e3-b523-3cd92befe4f8";"Blanckaert, Nicolaus";"http://www.wikidata.org/entity/Q29168307"
"b289f4f4-2746-11e3-96b8-3cd92befe4f8";"Kleibrink, Herman";"http://www.wikidata.org/entity/Q28919973"
"b2876d7e-2746-11e3-ad9c-3cd92befe4f8";"Aalst, R. van";"http://www.wikidata.org/entity/Q28861873"
"b28ce39e-2746-11e3-a0f4-3cd92befe4f8";"Schultens, A(lbertus)";"http://www.wikidata.org/entity/Q2831550"
"b28cdafc-2746-11e3-bd06-3cd92befe4f8";"Kinschot, jhr.mr.F.H. van";"http://www.wikidata.org/entity/Q2800952"
"b290842c-2746-11e3-b153-3cd92befe4f8";"Til, Samuel van";"http://www.wikidata.org/entity/Q2799264"
"b28898c0-2746-11e3-8f54-3cd92befe4f8";"Cornet, Jacobus Ludovicus";"http://www.wikidata.org/entity/Q2793027"
"b288ed98-2746-11e3-9626-3cd92befe4f8";"Nat, Theo van der";"http://www.wikidata.org/entity/Q27864010"
"b286e58e-2746-11e3-b5d8-3cd92befe4f8";"Ridder, N. de Mr.";"http://www.wikidata.org/entity/Q27863724"
"b28e86c2-2746-11e3-a15b-3cd92befe4f8";"Drucker, mr. H.L.";"http://www.wikidata.org/entity/Q2780706"
"b28c231e-2746-11e3-9ccd-3cd92befe4f8";"Egeling, Lucas";"http://www.wikidata.org/entity/Q2780011"
"b28976a0-2746-11e3-9506-3cd92befe4f8";"Ligne, Phillipus graaf de";"http://www.wikidata.org/entity/Q2767311"
"b285d89c-2746-11e3-8b04-3cd92befe4f8";"Hahn, Jacob George Hiëronymus";"http://www.wikidata.org/entity/Q27661925"
"b288e32a-2746-11e3-af65-3cd92befe4f8";"Cunaeus, Evert Hendrik";"http://www.wikidata.org/entity/Q27651655"
"b28de5be-2746-11e3-add4-3cd92befe4f8";"Cunaeus, Evert Hendrik Jacob";"http://www.wikidata.org/entity/Q27651655"
"b2911428-2746-11e3-8c60-3cd92befe4f8";"Cunaeus, E.H.J.";"http://www.wikidata.org/entity/Q27651655"
"b286561e-2746-11e3-82a5-3cd92befe4f8";"Muilman, Willem";"http://www.wikidata.org/entity/Q27645875"
"b283d9c0-2746-11e3-b877-3cd92befe4f8";"Sloet van Beele, baron mr. L.A.J.W.";"http://www.wikidata.org/entity/Q2738369"
"b2823ac0-2746-11e3-a9b3-3cd92befe4f8";"Steinbach, Lucia";"http://www.wikidata.org/entity/Q27341877"
"b2827c1a-2746-11e3-bcda-3cd92befe4f8";"Mort, Jacobus le";"http://www.wikidata.org/entity/Q2732806"
"b28750f0-2746-11e3-b09e-3cd92befe4f8";"Water, Koos van de";"http://www.wikidata.org/entity/Q27302290"
"b28294ca-2746-11e3-b058-3cd92befe4f8";"Hakkaert, Fer";"http://www.wikidata.org/entity/Q27278940"
"b283b526-2746-11e3-a2a7-3cd92befe4f8";"Wijkerslooth, Cornelis Ludovicus baron van";"http://www.wikidata.org/entity/Q2690729"
"b28cddcc-2746-11e3-9713-3cd92befe4f8";"Solingen, Cornelis";"http://www.wikidata.org/entity/Q2686047"
"b287d98a-2746-11e3-aa21-3cd92befe4f8";"Nieuwland, N. van";"http://www.wikidata.org/entity/Q2670000"
"b2838362-2746-11e3-94e5-3cd92befe4f8";"Scharp, J.";"http://www.wikidata.org/entity/Q2668499"
"b288b0ee-2746-11e3-9cbb-3cd92befe4f8";"Pallandt, Charlotte van";"http://www.wikidata.org/entity/Q2664419"
"b28c317e-2746-11e3-adc7-3cd92befe4f8";"Wassenaer, O.J.E. van";"http://www.wikidata.org/entity/Q2643774"
"b284b502-2746-11e3-b8ac-3cd92befe4f8";"Aa, Chr.P.E. Robidé van der";"http://www.wikidata.org/entity/Q2605482"
"b2840d0a-2746-11e3-a960-3cd92befe4f8";"Warnaar, Willem";"http://www.wikidata.org/entity/Q2502921"
"b2909778-2746-11e3-9611-3cd92befe4f8";"Suringar, W.F.R.";"http://www.wikidata.org/entity/Q2499954"
"b2867acc-2746-11e3-821a-3cd92befe4f8";"Stokkermans, Joop";"http://www.wikidata.org/entity/Q24917"
"b28da2de-2746-11e3-b863-3cd92befe4f8";"Waal, Cornelis Jan Dirk (Cees)";"http://www.wikidata.org/entity/Q2460597"
"b28f3284-2746-11e3-8332-3cd92befe4f8";"Musius, Cornelius";"http://www.wikidata.org/entity/Q2442271"
"b285c6fe-2746-11e3-af6a-3cd92befe4f8";"Snellius, W.";"http://www.wikidata.org/entity/Q244152"
"b2862914-2746-11e3-80b3-3cd92befe4f8";"Rieu, Paul du";"http://www.wikidata.org/entity/Q2410665"
"b2869d54-2746-11e3-b6bd-3cd92befe4f8";"Cunaeus, P.";"http://www.wikidata.org/entity/Q24085"
"b288d1f0-2746-11e3-a56d-3cd92befe4f8";"Bourgondië, Phillips \"De Goede\" van";"http://www.wikidata.org/entity/Q239337"
"b28577b2-2746-11e3-977c-3cd92befe4f8";"Fremery, Johannes Andreas de";"http://www.wikidata.org/entity/Q2393246"
"b282ab2c-2746-11e3-af0c-3cd92befe4f8";"Overvoorde, J.C.";"http://www.wikidata.org/entity/Q2383589"
"b285e17a-2746-11e3-baed-3cd92befe4f8";"Weiland, de heer";"http://www.wikidata.org/entity/Q2371807"
"b28bfe0c-2746-11e3-bb85-3cd92befe4f8";"Stevin, Simon";"http://www.wikidata.org/entity/Q23696"
"b28cfde8-2746-11e3-bbe6-3cd92befe4f8";"Servaas-Bey, M.";"http://www.wikidata.org/entity/Q2364614"
"b28b9df4-2746-11e3-a611-3cd92befe4f8";"Hout, Jan van";"http://www.wikidata.org/entity/Q2361300"
"b287c33c-2746-11e3-9d80-3cd92befe4f8";"Pasteur, J.D.";"http://www.wikidata.org/entity/Q2356152"
"b28381e6-2746-11e3-b162-3cd92befe4f8";"Kraan, E.";"http://www.wikidata.org/entity/Q23460082"
"b284ea68-2746-11e3-90ee-3cd92befe4f8";"Moyne, Stephanus le";"http://www.wikidata.org/entity/Q2344417"
"b2839654-2746-11e3-8eca-3cd92befe4f8";"Mourik, prof. dr. van";"http://www.wikidata.org/entity/Q2343861"
"b28716d0-2746-11e3-bcac-3cd92befe4f8";"Aalberse, P.J.M.";"http://www.wikidata.org/entity/Q2335390"
"b28c8eee-2746-11e3-9480-3cd92befe4f8";"Zonneville, mr. Michiel";"http://www.wikidata.org/entity/Q2322545"
"b28f195c-2746-11e3-bdb0-3cd92befe4f8";"Tiele, C.P.";"http://www.wikidata.org/entity/Q2308882"
"b28bdb02-2746-11e3-af33-3cd92befe4f8";"Bemmelen, J.M. van, Prof.";"http://www.wikidata.org/entity/Q23062671"
"b282d35e-2746-11e3-af23-3cd92befe4f8";"Musschenbroek, S.C.C.W. van";"http://www.wikidata.org/entity/Q2304502"
"b2917256-2746-11e3-b593-3cd92befe4f8";"Hardenberg, L.";"http://www.wikidata.org/entity/Q2301250"
"b2870f8c-2746-11e3-a0b1-3cd92befe4f8";"Jonkers, Prof. Dr. J.E.";"http://www.wikidata.org/entity/Q23000114"
"b28ef710-2746-11e3-9564-3cd92befe4f8";"Wetrens, N.J.";"http://www.wikidata.org/entity/Q22690534"
"b28e521a-2746-11e3-b7f1-3cd92befe4f8";"Wetrens, Adriaan Jacobus";"http://www.wikidata.org/entity/Q22690505"
"b28702b2-2746-11e3-8e42-3cd92befe4f8";"Seipgens, E.A.H.";"http://www.wikidata.org/entity/Q2245543"
"b285021e-2746-11e3-b46f-3cd92befe4f8";"Werff, Burgemeester Pieter Adriaansz. van der";"http://www.wikidata.org/entity/Q2242334"
"b283e79e-2746-11e3-a61e-3cd92befe4f8";"Lieftinck, Gerard";"http://www.wikidata.org/entity/Q2217735"
"b28bc018-2746-11e3-919c-3cd92befe4f8";"Vos van Steenwijk, Dr. J.E., baron de";"http://www.wikidata.org/entity/Q2212338"
"b283c3ea-2746-11e3-a39e-3cd92befe4f8";"Wildeboer, Gerrit";"http://www.wikidata.org/entity/Q2210094"
"b290adf8-2746-11e3-82fc-3cd92befe4f8";"Water, Jona Willem te";"http://www.wikidata.org/entity/Q2191599"
"b282eaf6-2746-11e3-87f3-3cd92befe4f8";"Knappert, professor";"http://www.wikidata.org/entity/Q21553084"
"b2908cf6-2746-11e3-8e7a-3cd92befe4f8";"Lubbers, Theodorus";"http://www.wikidata.org/entity/Q21546738"
"b28e0fd0-2746-11e3-aa49-3cd92befe4f8";"Suringar, Willem Hendrik Dominicus";"http://www.wikidata.org/entity/Q21545920"
"b28e1142-2746-11e3-8a5e-3cd92befe4f8";"Stralen, Jan van";"http://www.wikidata.org/entity/Q21545786"
"b289fe22-2746-11e3-b92e-3cd92befe4f8";"Santen, Lourens van";"http://www.wikidata.org/entity/Q21544880"
"b282b108-2746-11e3-82c2-3cd92befe4f8";"Nerée, R.J. de";"http://www.wikidata.org/entity/Q21535084"
"b2917fd0-2746-11e3-9f7d-3cd92befe4f8";"Luzac, Lodewijk, Casper";"http://www.wikidata.org/entity/Q2137451"
"b28a1e8e-2746-11e3-8dba-3cd92befe4f8";"Stuers, Jhr. Mr. Victor E.L. de";"http://www.wikidata.org/entity/Q2125168"
"b2843b18-2746-11e3-a510-3cd92befe4f8";"Limburg Stirum, A.O.E.";"http://www.wikidata.org/entity/Q21188759"
"b2896f2a-2746-11e3-a973-3cd92befe4f8";"Limburg Stirum, A.O.E. graaf van";"http://www.wikidata.org/entity/Q21188759"
"b285da04-2746-11e3-8099-3cd92befe4f8";"Brandeler, Dr W.C. van den";"http://www.wikidata.org/entity/Q21174842"
"b28ec722-2746-11e3-a53c-3cd92befe4f8";"Sande Bakhuysen, mr. A. van de";"http://www.wikidata.org/entity/Q21170364"
"b287b73e-2746-11e3-9e0c-3cd92befe4f8";"Laat de Kanter, L.M. de";"http://www.wikidata.org/entity/Q21170358"
"b28f020a-2746-11e3-ab13-3cd92befe4f8";"Loeff, A.R. van der";"http://www.wikidata.org/entity/Q2113241"
"b2902d06-2746-11e3-a203-3cd92befe4f8";"Rutgers van der Loeff, Abram";"http://www.wikidata.org/entity/Q2113241"
"b28f8d9c-2746-11e3-9657-3cd92befe4f8";"Mulder, Joannes";"http://www.wikidata.org/entity/Q2104339"
"b2869a48-2746-11e3-8882-3cd92befe4f8";"Gijselaar, N.C. de";"http://www.wikidata.org/entity/Q20857379"
"b28994f0-2746-11e3-b900-3cd92befe4f8";"Gijselaar, Jhr. Mr. Dr. N.Ch. de";"http://www.wikidata.org/entity/Q20857379"
"be50f828-2746-11e3-a199-3cd92befe4f8";"Gijselaar, Jhr Mr Dr Nicolaas Charles de";"http://www.wikidata.org/entity/Q20857379"
"b288f630-2746-11e3-915a-3cd92befe4f8";"Oranje, Willem van";"http://www.wikidata.org/entity/Q2079957"
"b28d18aa-2746-11e3-bb12-3cd92befe4f8";"Swieten, Jhr. Adriaen van";"http://www.wikidata.org/entity/Q2068933"
"b2843532-2746-11e3-a0c8-3cd92befe4f8";"Scriverius, Petrus";"http://www.wikidata.org/entity/Q2063138"
"b28bcdec-2746-11e3-ba39-3cd92befe4f8";"Merula, P.";"http://www.wikidata.org/entity/Q2061272"
"b282e39e-2746-11e3-bbc0-3cd92befe4f8";"Steen, Jan";"http://www.wikidata.org/entity/Q205863"
"b28ac3d4-2746-11e3-9197-3cd92befe4f8";"Sande Bakhuysen, van de";"http://www.wikidata.org/entity/Q2050930"
"b28ca000-2746-11e3-a98f-3cd92befe4f8";"Lulofs, Johan";"http://www.wikidata.org/entity/Q2037521"
"b283473a-2746-11e3-82f0-3cd92befe4f8";"Verster, F.";"http://www.wikidata.org/entity/Q2032710"
"b2862f04-2746-11e3-b64a-3cd92befe4f8";"Ypey, Adolphus";"http://www.wikidata.org/entity/Q2020165"
"b28d144a-2746-11e3-8346-3cd92befe4f8";"Crommelin, F.R.";"http://www.wikidata.org/entity/Q20113645"
"b285ed78-2746-11e3-b5c4-3cd92befe4f8";"Wenssen, Hillegond";"http://www.wikidata.org/entity/Q20031949"
"b28cfafa-2746-11e3-9d3c-3cd92befe4f8";"Wittichius, Christophorus";"http://www.wikidata.org/entity/Q2002089"
"b28a4c06-2746-11e3-a4f8-3cd92befe4f8";"Sijthoff, Albert";"http://www.wikidata.org/entity/Q2000532"
"b291871e-2746-11e3-9dd3-3cd92befe4f8";"Sijthoff, A.W.";"http://www.wikidata.org/entity/Q2000532"
"b2906384-2746-11e3-b796-3cd92befe4f8";"Wassenaer, Jan II van";"http://www.wikidata.org/entity/Q19937783"
"b28237c8-2746-11e3-81d5-3cd92befe4f8";"Oppenheim, Mr. J.";"http://www.wikidata.org/entity/Q19930374"
"b288daba-2746-11e3-a195-3cd92befe4f8";"Loudon, Jhr. H,";"http://www.wikidata.org/entity/Q1986507"
"b28eb782-2746-11e3-90c3-3cd92befe4f8";"Wassenaer, Arent van";"http://www.wikidata.org/entity/Q19841037"
"b28f51b0-2746-11e3-89be-3cd92befe4f8";"Zwaan, prof. dr. Johannes de";"http://www.wikidata.org/entity/Q19801994"
"b28b81de-2746-11e3-9474-3cd92befe4f8";"Bicker Caarten, A.";"http://www.wikidata.org/entity/Q1976345"
"b2886422-2746-11e3-8769-3cd92befe4f8";"Mutters jr., Joh.";"http://www.wikidata.org/entity/Q1974426"
"b29079f0-2746-11e3-af29-3cd92befe4f8";"Court, Pieter de la";"http://www.wikidata.org/entity/Q1960743"
"b285a14c-2746-11e3-9380-3cd92befe4f8";"Spanhemius, Fredericus";"http://www.wikidata.org/entity/Q194691"
"b28d52e8-2746-11e3-82aa-3cd92befe4f8";"Groe, Theodorus van der";"http://www.wikidata.org/entity/Q1939499"
"b29158de-2746-11e3-b848-3cd92befe4f8";"Paauw, Salomon van der";"http://www.wikidata.org/entity/Q19329876"
"b28d5a86-2746-11e3-9169-3cd92befe4f8";"Court, Magdalena de la";"http://www.wikidata.org/entity/Q19242002"
"b28ef86e-2746-11e3-b037-3cd92befe4f8";"Thomson, J.W.J.K.";"http://www.wikidata.org/entity/Q1918340"
"b286a344-2746-11e3-84ce-3cd92befe4f8";"Roest, Th.M.";"http://www.wikidata.org/entity/Q1901030"
"b28c3f02-2746-11e3-b994-3cd92befe4f8";"Roest, Theodorus Marinus";"http://www.wikidata.org/entity/Q1901030"
"b28eed74-2746-11e3-93af-3cd92befe4f8";"Ploeg, J.";"http://www.wikidata.org/entity/Q19001519"
"b28f357c-2746-11e3-a175-3cd92befe4f8";"Siegenbeek, M.";"http://www.wikidata.org/entity/Q1891239"
"b287ac58-2746-11e3-8061-3cd92befe4f8";"Laurillard, Elisa";"http://www.wikidata.org/entity/Q1878874"
"b28c56ea-2746-11e3-a6f1-3cd92befe4f8";"Sevenster, prof.dr.G.";"http://www.wikidata.org/entity/Q18692847"
"b28e6336-2746-11e3-95e8-3cd92befe4f8";"Maanen, R.C.J. van";"http://www.wikidata.org/entity/Q18655249"
"b285267c-2746-11e3-a44e-3cd92befe4f8";"Cunaeus, Coradin";"http://www.wikidata.org/entity/Q18603420"
"b2871284-2746-11e3-84e6-3cd92befe4f8";"Thorbecke, Jan Rudolph";"http://www.wikidata.org/entity/Q182509"
"b28e47f2-2746-11e3-987f-3cd92befe4f8";"Jan II, graaf van Holland";"http://www.wikidata.org/entity/Q182028"
"b282472c-2746-11e3-b807-3cd92befe4f8";"Wal, Johannes de";"http://www.wikidata.org/entity/Q18093655"
"b28281f6-2746-11e3-b273-3cd92befe4f8";"Fockema Andreae, Mr. S.J.";"http://www.wikidata.org/entity/Q18093540"
"b28f6696-2746-11e3-b739-3cd92befe4f8";"Musschenbroek, Petrus van";"http://www.wikidata.org/entity/Q176206"
"b284ed56-2746-11e3-99fe-3cd92befe4f8";"Senguerdius, Wolferdus";"http://www.wikidata.org/entity/Q1749935"
"b28d05ae-2746-11e3-9d56-3cd92befe4f8";"Musschenbroek, Johannes Joosten van";"http://www.wikidata.org/entity/Q17190060"
"b2898a8c-2746-11e3-b0da-3cd92befe4f8";"Honert, Johan van den";"http://www.wikidata.org/entity/Q1696740"
"b28cad5c-2746-11e3-8aff-3cd92befe4f8";"Vitriarius, Johannes Jacobus";"http://www.wikidata.org/entity/Q1694832"
"b2858e00-2746-11e3-911e-3cd92befe4f8";"Werdenhagen, Johan, August.";"http://www.wikidata.org/entity/Q1692380"
"b285a444-2746-11e3-9c84-3cd92befe4f8";"Luzac, Joannes";"http://www.wikidata.org/entity/Q1692044"
"b28ea094-2746-11e3-98e3-3cd92befe4f8";"Tiara, Petrus";"http://www.wikidata.org/entity/Q1686957"
"b285ae9e-2746-11e3-a9df-3cd92befe4f8";"Coolhaes, Caspar";"http://www.wikidata.org/entity/Q16853436"
"b287391c-2746-11e3-996e-3cd92befe4f8";"Duyvendak, J.J.L.";"http://www.wikidata.org/entity/Q1681876"
"b28d41b8-2746-11e3-a929-3cd92befe4f8";"Westenbergius, Joannes Ortwinus";"http://www.wikidata.org/entity/Q1672202"
"b28241a0-2746-11e3-b460-3cd92befe4f8";"Maurits, Prins";"http://www.wikidata.org/entity/Q164062"
"b28c2e7c-2746-11e3-826b-3cd92befe4f8";"Star Numan, Mr. Oncko Wicher";"http://www.wikidata.org/entity/Q15943583"
"b290504c-2746-11e3-bdbf-3cd92befe4f8";"Oudshoorn, Nick";"http://www.wikidata.org/entity/Q15879779"
"b287f91a-2746-11e3-9078-3cd92befe4f8";"Knappert, Emilie Charlotte";"http://www.wikidata.org/entity/Q15874908"
"b28c5b7c-2746-11e3-9a54-3cd92befe4f8";"Lubbe, Marinus van der";"http://www.wikidata.org/entity/Q157888"
"b2913336-2746-11e3-910f-3cd92befe4f8";"Philips de Schone van Oostenrijk";"http://www.wikidata.org/entity/Q157098"
"b28600c4-2746-11e3-a132-3cd92befe4f8";"Bourgondië, Maria van";"http://www.wikidata.org/entity/Q157073"
"b2883038-2746-11e3-b964-3cd92befe4f8";"Zwollo, Maarten";"http://www.wikidata.org/entity/Q15638114"
"b2834a28-2746-11e3-9851-3cd92befe4f8";"Wesselius, Johannes";"http://www.wikidata.org/entity/Q15455831"
"b28c38f4-2746-11e3-8380-3cd92befe4f8";"Schwartz, Joachimus";"http://www.wikidata.org/entity/Q15454952"
"b2836be8-2746-11e3-9ed1-3cd92befe4f8";"Moor, Bernhardus de";"http://www.wikidata.org/entity/Q15454561"
"b290621c-2746-11e3-a753-3cd92befe4f8";"Voorda, Bavius";"http://www.wikidata.org/entity/Q15453384"
"b2851c0e-2746-11e3-967b-3cd92befe4f8";"Kemp, D.K. van der";"http://www.wikidata.org/entity/Q15452564"
"b283fa54-2746-11e3-802c-3cd92befe4f8";"Hoogvliet, Nicolaas";"http://www.wikidata.org/entity/Q15452550"
"b2875b72-2746-11e3-92e9-3cd92befe4f8";"Dongen, H. van";"http://www.wikidata.org/entity/Q15451709"
"b2842dc6-2746-11e3-9500-3cd92befe4f8";"Smallenburg, Nicolaus";"http://www.wikidata.org/entity/Q15449983"
"b28a8e32-2746-11e3-b905-3cd92befe4f8";"Suringar, Lucas";"http://www.wikidata.org/entity/Q15448697"
"b28880ba-2746-11e3-a8ee-3cd92befe4f8";"Boon Mesch, A.H. van der";"http://www.wikidata.org/entity/Q15445801"
"b286d4e0-2746-11e3-9502-3cd92befe4f8";"Suringar, G.C.R.";"http://www.wikidata.org/entity/Q15445687"
"b28a756e-2746-11e3-a959-3cd92befe4f8";"Stuffkens, Prof. J.H.";"http://www.wikidata.org/entity/Q15444839"
"b28d5e50-2746-11e3-82f6-3cd92befe4f8";"Thomas, A.E.S.";"http://www.wikidata.org/entity/Q15444806"
"b282ec54-2746-11e3-9003-3cd92befe4f8";"Zaayer, Prof. Dr. Teunis";"http://www.wikidata.org/entity/Q15440609"
"b288ef28-2746-11e3-8404-3cd92befe4f8";"Oort, H.";"http://www.wikidata.org/entity/Q15438278"
"b2825dd4-2746-11e3-ac1d-3cd92befe4f8";"Morsch, Pieter Corneliszoon van der";"http://www.wikidata.org/entity/Q15430814"
"b2851d76-2746-11e3-9022-3cd92befe4f8";"Bourgondië, Karel \"de Stoute\" van";"http://www.wikidata.org/entity/Q151120"
"b28b9f5c-2746-11e3-93c1-3cd92befe4f8";"Stokvis, Dr. B.B.";"http://www.wikidata.org/entity/Q15078888"
"b287e57e-2746-11e3-8c1e-3cd92befe4f8";"Wilhelmina, Koningin";"http://www.wikidata.org/entity/Q150747"
"b29131c4-2746-11e3-bd0c-3cd92befe4f8";"Boneval Faure, prof. dr.mr. R.T.H.P.L.A.";"http://www.wikidata.org/entity/Q14906465"
"b28a463e-2746-11e3-98b3-3cd92befe4f8";"Clarisse, Johannes";"http://www.wikidata.org/entity/Q1465901"
"b2870b04-2746-11e3-bd67-3cd92befe4f8";"Schuyl, Florentius";"http://www.wikidata.org/entity/Q1429492"
"b2842f38-2746-11e3-9586-3cd92befe4f8";"Wassenaer, Jacobus baron van";"http://www.wikidata.org/entity/Q1386569"
"b2868e5e-2746-11e3-8930-3cd92befe4f8";"Wassenaer, J. van";"http://www.wikidata.org/entity/Q1386569"
"b290daee-2746-11e3-9f09-3cd92befe4f8";"Schrevelius, E(waldus)";"http://www.wikidata.org/entity/Q1382991"
"b2839ad2-2746-11e3-b821-3cd92befe4f8";"Bilderdijk, Willem";"http://www.wikidata.org/entity/Q1375186"
"b2829d94-2746-11e3-8d1e-3cd92befe4f8";"Gunning, prof. J.H.";"http://www.wikidata.org/entity/Q13738074"
"b2838916-2746-11e3-b887-3cd92befe4f8";"Donner, Johannes Hendricus";"http://www.wikidata.org/entity/Q13738067"
"b283217e-2746-11e3-9eda-3cd92befe4f8";"Keesom, Prof. Dr. W.H.";"http://www.wikidata.org/entity/Q1356820"
"b28a7f46-2746-11e3-a2fb-3cd92befe4f8";"Slijkhuis, Wim";"http://www.wikidata.org/entity/Q1352440"
"b285762c-2746-11e3-befe-3cd92befe4f8";"Kaiser, Fredericus";"http://www.wikidata.org/entity/Q1351700"
"b2868256-2746-11e3-8ea3-3cd92befe4f8";"Hensen, A.H.L. prof. dr.";"http://www.wikidata.org/entity/Q13429927"
"b2841174-2746-11e3-80bc-3cd92befe4f8";"Wiel, John van der";"http://www.wikidata.org/entity/Q1342210"
"b286f0b0-2746-11e3-bf54-3cd92befe4f8";"Locher, Th.J.G.";"http://www.wikidata.org/entity/Q12777492"
"b285e47c-2746-11e3-96a7-3cd92befe4f8";"Winter, Fredereik";"http://www.wikidata.org/entity/Q1270730"
"b282993e-2746-11e3-b3bc-3cd92befe4f8";"Does, Johan van der";"http://www.wikidata.org/entity/Q1229819"
"b28810a8-2746-11e3-a6bb-3cd92befe4f8";"Dirk IV, graaf van Holland";"http://www.wikidata.org/entity/Q1223864"
"b28534e6-2746-11e3-b58f-3cd92befe4f8";"Siemens, H.W.";"http://www.wikidata.org/entity/Q11862416"
"b2891516-2746-11e3-a813-3cd92befe4f8";"Francq van Berkhey, Johannes le";"http://www.wikidata.org/entity/Q117688"
"b28e1bba-2746-11e3-b2b6-3cd92befe4f8";"Sluys, Jacobus van der";"http://www.wikidata.org/entity/Q11715794"
"b28277d8-2746-11e3-9484-3cd92befe4f8";"Swanenburch, Cornelius";"http://www.wikidata.org/entity/Q1133902"
"b28a54b2-2746-11e3-aeef-3cd92befe4f8";"Swanenburgh, Cornelius";"http://www.wikidata.org/entity/Q1133902"
"b28337a4-2746-11e3-9f5e-3cd92befe4f8";"Uylenburg, Saskia";"http://www.wikidata.org/entity/Q109676"
"b28c32f0-2746-11e3-baaf-3cd92befe4f8";"Goekoop, mr. Cornelis Hiëronymus";"http://www.wikidata.org/entity/Q1052638"
"b28c6194-2746-11e3-b392-3cd92befe4f8";"Goekoop, C.H.";"http://www.wikidata.org/entity/Q1052638"
"b28ea936-2746-11e3-8b22-3cd92befe4f8";"Maximiliaan van Oostenrijk, Keizer ";"http://www.wikidata.org/entity/"
